Tweet,Stock Name,Company Name,annotator 1,annotator 2,agreement
Remember $TSLA 800 $SPY 400 $QQQ 300 BIG Levels all coming up together to manage your positions.,TSLA,"Tesla, Inc.",bullish,neutral,False
"10yr TY -3.7 bp to 1.767% now, but $TSLA still may get smacked around tomorrow with risk off all high P/E stocks after NFLX got crushed tonight for weak 1Q guide.$AMZN similar set up to $NFLX -  Covid hangover, weak 1Q growth, high relative P/E. Asia futures SPX -0.7%, NDX -1.3%.",AMZN,"Amazon.com, Inc.",bullish,neutral,False
@alexanderchee And I had to watch a video of someone filling up their car with gas and having to hold on to the steering wheel while driving too. No thanks. $TSLA,TSLA,"Tesla, Inc.",bullish,neutral,False
My @tesla Fwaud handled the infamous Bear Creek Road today in the Santa Cruz Mountains like a champ. #FSDBeta is getting better at incredible speeds with each update. @elonmusk https://t.co/5ad35xfCcZ,TSLA,"Tesla, Inc.",bullish,bearish,False
I'm back for a few days and then headed back out on vacation to the Caribbean again for some sun and beach time. Let's get a nice rally today in shares of $TSLA before my vacation. https://t.co/7PxKbEWFer,TSLA,"Tesla, Inc.",neutral,bullish,False
"In 2001 I was stupid.   Yes.  I was.  I said shit like Amzn down 300. Has to pop. Just need a 10 buck pop.   Down another 100 I‚Äôm like ok loading more for. 5 pt pop.    It never came.    

This made me who I am today.  Lessons. Never be stubborn know what‚Äôs possible",MSFT,Microsoft Corporation,bullish,neutral,False
"Clear evidence that Giga Berlin production had stepped up quite a bit. This is by far the most Performance Ys we see over the weekend- with over 120 in this video. Past videos showed a couple dozen at most. 

Images from @wolfpackberlin latest video.

$TSLA https://t.co/m2janmNm6F",TSLA,"Tesla, Inc.",bullish,neutral,False
"$TSLA - Above 1077 - Trade Idea üí° -  Dec 31 1150C

Closed at 1067.00

Possible to see a few days of consolidation if TSLA can't get through 1100 by Tuesday

Calls can work as a day trade above 1077
-
$AAPL $AMD $AMZN $BA $FB $LCID $MSFT $NFLX $NIO $NVDA $MRNA $SPX $SPY $SQ $UPST https://t.co/CCKJhi2del",TSLA,"Tesla, Inc.",bullish,neutral,False
"Year on Year increase in Q4 revenue 

Meta $FB: +19%
Amazon $AMZN: +9%
Apple $AAPL: +11%
Microsoft $MSFT: +20%
Google $GOOGL: +32% https://t.co/CMmfTisumk",META,"Meta Platforms, Inc.",neutral,bullish,False
"All of $TSLA decline from its peak is due to P/E compression as L/T int rates rose. For $TSLA If we look at 1/4/2022 peak of $1,200 on FY‚Äô22 EPS of $9.06, 2022 P/E was 132x. As of today, at $1,012, on FY‚ÄôEPS of $9.48, 2022 P/E is 107x, so P/E compression of -20%. https://t.co/6Uduzq1t9K",TSLA,"Tesla, Inc.",neutral,bearish,False
So great to catch-up with @DMC_Ryan in person for lunch today after over 2 years! Always great to chat all things @Xbox &amp; @Tesla https://t.co/vmowi8G1de,TSLA,"Tesla, Inc.",bullish,neutral,False
"$AMZN

Clear Bear flag?‚úÖ https://t.co/lorhtKV0ex",AMZN,"Amazon.com, Inc.",neutral,bearish,False
The market reaction to MSFT earnings report is fascinating. #stocks,MSFT,Microsoft Corporation,neutral,bearish,False
"As I always say, just be careful on these massive 8-day 32% run ups. While $tsla could run more, we all know how fast it can also fall. Just be smart. Always sound strategy to trim a few and buy dips. I always buy dips. Has worked for years. In a bull and bear market.",TSLA,"Tesla, Inc.",bullish,bearish,False
"$AMD $AMZN etc. still haven't scheduled, but here's a look at the coming #earningsseason 

https://t.co/lObOE0dgsr 

$TSLA $AAPL $GS $BAC $MSFT $SCHW $NFLX $MS $FB $PNC $ASML $UNH $BK $AAL $F $PG $TFC $CLF $INTC $AA $BA $T $SBNY $MBWM $FMBI $ONB $FAST $UPST $FBK $GNTY $PFE $GE https://t.co/Eu1x2pPflD",INTC,Intel Corporation,bullish,neutral,False
"Good morning TRADERS üí•üëç

Great end of day move sparks this morning's #stickynote 

$AAPL might have found a footing and we can break higher üìà

$TSLA Shanghai is now coming back up, so watching $670 LONG ‚úÖüëÄ

$AMC break of $12.50 on $GME news, also #monkeypox plays $SIGA $GOVX https://t.co/TzQMGIQTWe",AAPL,Apple Inc.,bullish,neutral,False
"Well, at the beginning of the tournament I said I wanted to see an NA resurgence and @TSM well and truly delivered

Time to pack up the jokes, they‚Äôre back! 

Congratulations to the new Rainbow Six Siege World Champions!!",TSM,Taiwan Semiconductor Manufacturing Company Limited,bullish,neutral,False
"BATTLE OF BRAINS VS AIM üß†

@MacieJay puts his years of R6 experience to the test against @ItzJaney, @Nokokopuffs, and @daltoosh in our 1v3 challenge.

üì∫ https://t.co/8SJvl3UKCT https://t.co/uEOYJSLy9o",TSM,Taiwan Semiconductor Manufacturing Company Limited,neutral,bullish,False
"Everyone have a great weekend!

New Weekend Video Update:
https://t.co/ONraEJwzNN

Reviewed (timestamps):
00:00 $SPY 
02:10 $QQQ
03:06 $IWM
05:02 $BTC
07:24 $AAPL
09:31 $TSLA
10:59 $NVDA
12:24 $XOM
13:28 $AMD",AMD,"Advanced Micro Devices, Inc.",bullish,neutral,False
"$AMZN

hahah what is happeningggggg

I am euphoric. https://t.co/X7Pdl7Xnb9",AMZN,"Amazon.com, Inc.",bullish,neutral,False
"and I did not call a ""squeeze"" tomorrow.  I have consistently and continuously said in all interviews and videos and posts that this is a $TSLA type set up per my work.  Powerful moves higher into my model's predicted ZOS followed by periods of rest.  Rinse, repeat.",TSLA,"Tesla, Inc.",bullish,neutral,False
The market reaction to NVDA earnings report is fascinating. #stocks,NVDA,NVIDIA Corporation,bearish,bullish,False
$TSLA underperforming markets once again.,TSLA,"Tesla, Inc.",neutral,bullish,False
The market reaction to AMD earnings report is fascinating. #stocks,AMD,"Advanced Micro Devices, Inc.",neutral,bearish,False
The market reaction to GOOGL earnings report is fascinating. #stocks,GOOGL,Alphabet Inc.,neutral,bearish,False
The market reaction to META earnings report is fascinating. #stocks,META,"Meta Platforms, Inc.",bearish,bullish,False
"All luxury auto brands saw brand loyalty decline in recent years. 

The only exception? Tesla. In fact Tesla's brand loyalty was so strong S&amp;P called it ""an ominous sign"" for the rest of the industry. $TSLA @elonmusk https://t.co/NzJrPcCN7D",TSLA,"Tesla, Inc.",neutral,bearish,False
"4/ $TSLA should move higher as analysts updates 2022 ests, and as instit PMs better understand the product priorities not presented. Clearly TSLA is winning in the marketplace. With global EV adoption soaring (2021 6.3%) TSLA continues to outrun its P/E, now 61x Street 2023 EPS. https://t.co/MiCvacFr78",TSLA,"Tesla, Inc.",bullish,neutral,False
The market reaction to AMD earnings report is fascinating. #stocks,AMD,"Advanced Micro Devices, Inc.",bearish,neutral,False
"$CELH has now passed Red Bull as #2 Energy drink on AMZN behind Monster ($ share):
1. Monster 25.9%
2. Celsius 18.4%
3. Red Bull 15.5%

C-store locations +72% YoY, +23% QoQ https://t.co/p0D341aHBY",AMZN,"Amazon.com, Inc.",neutral,bullish,False
"I have it on good authority that there will be no red tomorrow! üòâ

Unfortunately, that‚Äôs all I had today, not a single green position üòÖ

‚¨áÔ∏è $CRWD $AMZN $SHOP $SE $SQ $ABNB $APPS $MGNI $SOFI $UPST $LMND

Date night! üòä Then we pour more concrete tomorrow ü•µ

HAGW! ‚ù§Ô∏èü¶ú https://t.co/dtFkhZ4mEW",MSFT,Microsoft Corporation,bullish,neutral,False
The market reaction to MSFT earnings report is fascinating. #stocks,MSFT,Microsoft Corporation,bullish,neutral,False
"Don't give up on your hope and dreams, but rather get lost in the process, bc by the time you know it, your dreams will become your reality.

Use me as living proof.

There's nothing special about me.

I'm just more disciplined than the average Joe.

$TSLA #Tesla",TSLA,"Tesla, Inc.",bullish,neutral,False
The market reaction to AMD earnings report is fascinating. #stocks,AMD,"Advanced Micro Devices, Inc.",bearish,neutral,False
"@Sentinels @crazyraccoon406 @MisfitsGG @zetadivision @100Thieves @FaZeClan @KOI @TSM @OpTicTexas @NRGgg @G2esports @KarmineCorp The average amount of RT &amp; Likes, total RT &amp; Likes, and follower growth of the three largest gaming creator organisations.

Some creators found esports orgs, others found/join creator orgs. OTK, Sidemen and OTV's success must make esports orgs wonder about how to strategise.

4/7 https://t.co/6fom4ne2Cu",TSM,Taiwan Semiconductor Manufacturing Company Limited,bullish,neutral,False
"üî•3 Dividend Stocks For Investors In Their 20'süî•

1. $AAPL Cash flow machine with tons of growth to come. 
2. $JNJ Pristine balance sheet and a payout ratio only 43%. 
3. $V Only a 0.70% yield now, but all kinds of economic moat and a bigger yield coming.

What would you add?",AAPL,Apple Inc.,bullish,neutral,False
"Every legacy OEM blames their falling sales on the chip shortage. Well, Tesla and @elonmusk dealt with all the same supply chain, commodity and political headwinds and still grew EV sales somehow. 

We don‚Äôt have a chip shortage. We have a competence shortage. $TSLA",TSLA,"Tesla, Inc.",bullish,bearish,False
The market reaction to META earnings report is fascinating. #stocks,META,"Meta Platforms, Inc.",bullish,bearish,False
"Rip FAANG.

We‚Äôre down to GAA(!), which is coincidentally the sound $fb and $nflx shareholders make when they see their brokerage statements.",META,"Meta Platforms, Inc.",bearish,neutral,False
The market reaction to AMD earnings report is fascinating. #stocks,AMD,"Advanced Micro Devices, Inc.",bullish,bearish,False
"$NIO park opening late 2022. 1,000,000 annual output. So in 2023 they could be selling 40,000-83,000 cars per month plus current facility. Its not about today or tomorrow. Its about future growth, expansion and the EV industry growing at an astronomical pace. Long @NIOGlobal https://t.co/ficzSbkE1B",NIO,NIO Inc.,bullish,bearish,False
"Production &amp; Delivery report tomorrow morning, prob before noon eastern time.

Bear case = 255k deliveries

Base case = 260k deliveries

Bull case = 265k deliveries 

üêáüé© = 270k+ deliveries

ü§û

$TSLA",TSLA,"Tesla, Inc.",neutral,bearish,False
The market reaction to AMD earnings report is fascinating. #stocks,AMD,"Advanced Micro Devices, Inc.",neutral,bullish,False
"$gm is a dying company doesn‚Äôt matter what it‚Äôs p/e is 

Only GM product worth buying imo is Yukon XL 

They are not EV company 

Now 52 dollar 

There is only one EV company in world and it‚Äôs $tsla now 900 dollar 

I buy once it falls to 588 dollar üëç",TSLA,"Tesla, Inc.",bullish,bearish,False
The market reaction to NFLX earnings report is fascinating. #stocks,NFLX,"Netflix, Inc.",bullish,neutral,False
