Tweet,Stock Name,Company Name,annotator 1,annotator 2,final label
"Okay so $amzn owns 22% of $rivn. And Bezos owns 10% of Amazon. So by extension, Bezos owns 2% of Rivian, which is worth about $2 billion today.

So, not only does Jeff own more $rivn than the Founder but he's a billionaire on his $rivn stake alone.",PG,Procter & Gamble Company,neutral,neutral,neutral
"BREAKING:
$TSLA Model Y was the BEST SELLING premium SUV In China üá®üá≥in January !!!
ü§Øü§Øü§Ø",TSLA,"Tesla, Inc.",bullish,bullish,bullish
Remember $TSLA 800 $SPY 400 $QQQ 300 BIG Levels all coming up together to manage your positions.,TSLA,"Tesla, Inc.",bullish,neutral,bullish
"Wonderful discussion  &amp; analysis for 10/20 - $ES $QQQ $BABA $AAPL $AMD $AMZN $BA $BIDU $MRNA $MSFT $NFLX $NIO $FB $ROKU $SHOP $SNAP $SNOW $CAT $BYND $TSLA $DIS

üì∫üëÄ- https://t.co/zL3ORczavz
Please like and retweet if you find it useful. https://t.co/9oI4CrR5C8",NIO,NIO Inc.,neutral,neutral,neutral
"10yr TY -3.7 bp to 1.767% now, but $TSLA still may get smacked around tomorrow with risk off all high P/E stocks after NFLX got crushed tonight for weak 1Q guide.$AMZN similar set up to $NFLX -  Covid hangover, weak 1Q growth, high relative P/E. Asia futures SPX -0.7%, NDX -1.3%.",AMZN,"Amazon.com, Inc.",bullish,neutral,bullish
@alexanderchee And I had to watch a video of someone filling up their car with gas and having to hold on to the steering wheel while driving too. No thanks. $TSLA,TSLA,"Tesla, Inc.",bullish,neutral,bullish
My @tesla Fwaud handled the infamous Bear Creek Road today in the Santa Cruz Mountains like a champ. #FSDBeta is getting better at incredible speeds with each update. @elonmusk https://t.co/5ad35xfCcZ,TSLA,"Tesla, Inc.",bullish,bearish,bullish
I'm back for a few days and then headed back out on vacation to the Caribbean again for some sun and beach time. Let's get a nice rally today in shares of $TSLA before my vacation. https://t.co/7PxKbEWFer,TSLA,"Tesla, Inc.",neutral,bullish,neutral
"This is bullish not only because it‚Äôs an upgrade, but because the market loves Adam Jonas‚Äô $TSLA target increases. On Nov 18th when he upgraded from $360-&gt;$540 $TSLA went up 6.7%. 

Of course this was in midst of S&amp;P inclusion announcement week so take it with a grain of salt. https://t.co/DUcxI7842a",TSLA,"Tesla, Inc.",bullish,bullish,bullish
"So much to cover this morning, look at #Bitcoin #Ethereum #LUNA #SOL #AVAX $FTX $AMZN City Coins, BlockFi $100M Fine, Charts, and so much more live at 11.30am PT https://t.co/Qfl14IYpWY https://t.co/m5qxruhR9i",MSFT,Microsoft Corporation,neutral,neutral,neutral
The market reaction to TSLA earnings report is fascinating. #stocks,TSLA,"Tesla, Inc.",bullish,bullish,bullish
The market reaction to AMZN earnings report is fascinating. #stocks,AMZN,"Amazon.com, Inc.",bullish,bullish,bullish
The market reaction to AMD earnings report is fascinating. #stocks,AMD,"Advanced Micro Devices, Inc.",bullish,bullish,bullish
"Tesla has blown past Facebook to become the 5th largest company in the US. $960 market cap...

$TSLA $FB

Charting via @ycharts https://t.co/5sjRcAQLSP",META,"Meta Platforms, Inc.",neutral,neutral,neutral
The market reaction to AAPL earnings report is fascinating. #stocks,AAPL,Apple Inc.,bullish,bullish,bullish
"In 2001 I was stupid.   Yes.  I was.  I said shit like Amzn down 300. Has to pop. Just need a 10 buck pop.   Down another 100 I‚Äôm like ok loading more for. 5 pt pop.    It never came.    

This made me who I am today.  Lessons. Never be stubborn know what‚Äôs possible",MSFT,Microsoft Corporation,bullish,neutral,bullish
"If you are 1-2 years bear like I am, you keep a shopping list handy 

For me it‚Äôs $TSLA around 565-600 now 1020 

It‚Äôs $AAPL at 46-52 ( now 172) 

It‚Äôs $GOOG at 1700-1800 

Not saying it will happen 100% but don‚Äôt wanna be caught unprepared unable to buy not even a few shares ü§î",TSLA,"Tesla, Inc.",bullish,bullish,bullish
Damn jobs number. $TSLA,TSLA,"Tesla, Inc.",neutral,neutral,neutral
"Clear evidence that Giga Berlin production had stepped up quite a bit. This is by far the most Performance Ys we see over the weekend- with over 120 in this video. Past videos showed a couple dozen at most. 

Images from @wolfpackberlin latest video.

$TSLA https://t.co/m2janmNm6F",TSLA,"Tesla, Inc.",bullish,neutral,bullish
"$TSLA - Above 1077 - Trade Idea üí° -  Dec 31 1150C

Closed at 1067.00

Possible to see a few days of consolidation if TSLA can't get through 1100 by Tuesday

Calls can work as a day trade above 1077
-
$AAPL $AMD $AMZN $BA $FB $LCID $MSFT $NFLX $NIO $NVDA $MRNA $SPX $SPY $SQ $UPST https://t.co/CCKJhi2del",TSLA,"Tesla, Inc.",bullish,neutral,neutral
"Year on Year increase in Q4 revenue 

Meta $FB: +19%
Amazon $AMZN: +9%
Apple $AAPL: +11%
Microsoft $MSFT: +20%
Google $GOOGL: +32% https://t.co/CMmfTisumk",META,"Meta Platforms, Inc.",neutral,bullish,neutral
"Hey #ShibaArmy, kindly tag all companies you want to accept #Shiba

@amazon @Tesla @kfc @McDonalds
#Retweet",TSLA,"Tesla, Inc.",neutral,neutral,neutral
"Which dividend portfolio are you going with?üî•

A. $VNQ $AAPL $JNJ $SBUX
B. $SCHD $MSFT $COST $UNH
C. $VOO $TSM $MO $O
D. $KO $PG $HD $WM

üëá https://t.co/s5Ebxen6BQ",COST,Costco Wholesale Corporation,neutral,neutral,neutral
"Please look at the 1-year performance of $ARKK vs $TSLA below.  Yes, the delta is now 96%.  
Meaning if you put $100 a year ago in ARKK, you now have $44. 
Or you put them in $TSLA and now got $140.  
That is 320% more.  
Now you do you. https://t.co/iUspf1wn5R",TSLA,"Tesla, Inc.",neutral,neutral,neutral
"All of $TSLA decline from its peak is due to P/E compression as L/T int rates rose. For $TSLA If we look at 1/4/2022 peak of $1,200 on FY‚Äô22 EPS of $9.06, 2022 P/E was 132x. As of today, at $1,012, on FY‚ÄôEPS of $9.48, 2022 P/E is 107x, so P/E compression of -20%. https://t.co/6Uduzq1t9K",TSLA,"Tesla, Inc.",neutral,bearish,neutral
So great to catch-up with @DMC_Ryan in person for lunch today after over 2 years! Always great to chat all things @Xbox &amp; @Tesla https://t.co/vmowi8G1de,TSLA,"Tesla, Inc.",bullish,neutral,neutral
It will be very unlikely for $TSLA to retest $790 today given the 10-year and Friday options day. Wait until the close or AH's and buy for the Monday PM pop.,TSLA,"Tesla, Inc.",bullish,bullish,bullish
"@TSM_Leffen day 3,102 of praying for an algorithm-based MPGR that will never come",TSM,Taiwan Semiconductor Manufacturing Company Limited,neutral,neutral,neutral
The market reaction to MSFT earnings report is fascinating. #stocks,MSFT,Microsoft Corporation,bullish,bullish,bullish
"$AMZN

Clear Bear flag?‚úÖ https://t.co/lorhtKV0ex",AMZN,"Amazon.com, Inc.",neutral,bearish,neutral
Playing in a gurls tourney ü§≠ wearing my TSM jersey for good luck and because @ItzJaney is my dad Twitch/ snowxred https://t.co/Lc8Yhr9H66,TSM,Taiwan Semiconductor Manufacturing Company Limited,neutral,neutral,neutral
The market reaction to MSFT earnings report is fascinating. #stocks,MSFT,Microsoft Corporation,neutral,bearish,neutral
"As I always say, just be careful on these massive 8-day 32% run ups. While $tsla could run more, we all know how fast it can also fall. Just be smart. Always sound strategy to trim a few and buy dips. I always buy dips. Has worked for years. In a bull and bear market.",TSLA,"Tesla, Inc.",bullish,bearish,bullish
@rpr @SCARZ5 @TSM hot boxxed https://t.co/ayySUwo9w2,TSM,Taiwan Semiconductor Manufacturing Company Limited,neutral,neutral,neutral
"$AMD $AMZN etc. still haven't scheduled, but here's a look at the coming #earningsseason 

https://t.co/lObOE0dgsr 

$TSLA $AAPL $GS $BAC $MSFT $SCHW $NFLX $MS $FB $PNC $ASML $UNH $BK $AAL $F $PG $TFC $CLF $INTC $AA $BA $T $SBNY $MBWM $FMBI $ONB $FAST $UPST $FBK $GNTY $PFE $GE https://t.co/Eu1x2pPflD",INTC,Intel Corporation,bullish,neutral,bullish
GG Astralis! Thought we played well but were stalling out a bit too much on attack. TSM tomorrow!,TSM,Taiwan Semiconductor Manufacturing Company Limited,neutral,neutral,neutral
"Don't ignore an obvious trend when you see it. Right now, the industry theme is clearly clean energy &amp; EVs behind $TSLA crossing $1 trillion+ with strength &amp; the asset-class theme is SPACs &amp; de-SPACs behind the volume surge that $DWAC brought us. Volume is always tradable.",TSLA,"Tesla, Inc.",neutral,neutral,neutral
"Good morning TRADERS üí•üëç

Great end of day move sparks this morning's #stickynote 

$AAPL might have found a footing and we can break higher üìà

$TSLA Shanghai is now coming back up, so watching $670 LONG ‚úÖüëÄ

$AMC break of $12.50 on $GME news, also #monkeypox plays $SIGA $GOVX https://t.co/TzQMGIQTWe",AAPL,Apple Inc.,bullish,neutral,bullish
"Well, at the beginning of the tournament I said I wanted to see an NA resurgence and @TSM well and truly delivered

Time to pack up the jokes, they‚Äôre back! 

Congratulations to the new Rainbow Six Siege World Champions!!",TSM,Taiwan Semiconductor Manufacturing Company Limited,bullish,neutral,bullish
"Some dividend stocks in the information technology sectorüí∞

$TXN Texas Instruments
$CSCO Cisco 
$AAPL Apple
$IBM Int. Business Machines
$MSFT Microsoft 
$INTC Intel 
$ORCL Oracle
$QCOM Qualcomm
$MA Mastercard
$V Visa

Are you holding any of these?",INTC,Intel Corporation,neutral,neutral,neutral
"BATTLE OF BRAINS VS AIM üß†

@MacieJay puts his years of R6 experience to the test against @ItzJaney, @Nokokopuffs, and @daltoosh in our 1v3 challenge.

üì∫ https://t.co/8SJvl3UKCT https://t.co/uEOYJSLy9o",TSM,Taiwan Semiconductor Manufacturing Company Limited,neutral,bullish,neutral
"Market Recap:
https://t.co/gihzZSkgND
Fed Insider reveals that inflation will last for YEARS! + Jerome Powell is planning a dangerous move to avoid stagflation + Commodities inflation is Unstoppable! + Charts $SPY $QQQ $IWM $DXY $GLD $TBT $TLT $VIX $VXN $AAPL $TSLA $BTC $AMC https://t.co/3C65jNayOS",TSLA,"Tesla, Inc.",neutral,neutral,neutral
The market reaction to NFLX earnings report is fascinating. #stocks,NFLX,"Netflix, Inc.",bearish,bearish,bearish
"Everyone have a great weekend!

New Weekend Video Update:
https://t.co/ONraEJwzNN

Reviewed (timestamps):
00:00 $SPY 
02:10 $QQQ
03:06 $IWM
05:02 $BTC
07:24 $AAPL
09:31 $TSLA
10:59 $NVDA
12:24 $XOM
13:28 $AMD",AMD,"Advanced Micro Devices, Inc.",neutral,neutral,neutral
"1/

Meta Platforms $FB is currently trading at 12x EBIT &amp; 16x earnings. Regardless of what you think of the future of the business. These multiples on a FAANG stock is strange to see.

Side note: do we call them MAANG stocks now? lol.",META,"Meta Platforms, Inc.",neutral,neutral,neutral
"1/13 Watchlist üåä

$NVDA: 285c &amp; 290c have my main attention. 290 very possible EOW.

$MSFT: 320c &amp; 325c had massive vol. 2nd top watch

$FB: Can't ignore the weekly 335c and 340c vol.

$BA: Feels like a magnet above 220. I'm watching 220c and 222.5c

Data from @unusual_whales üê≥ https://t.co/NskecLopDd",BA,The Boeing Company,neutral,neutral,neutral
"What happens when a non-Tesla mass-produced-EV inevitably has a problem like this?‚Ä¶wait, we got a preview with the Bolt recall recently.
Yikes!  Bad news for all other EVs 
$TSLA https://t.co/xhAg2FuMeU",TSLA,"Tesla, Inc.",neutral,neutral,neutral
"$AMZN

hahah what is happeningggggg

I am euphoric. https://t.co/X7Pdl7Xnb9",AMZN,"Amazon.com, Inc.",bullish,neutral,bullish
"and I did not call a ""squeeze"" tomorrow.  I have consistently and continuously said in all interviews and videos and posts that this is a $TSLA type set up per my work.  Powerful moves higher into my model's predicted ZOS followed by periods of rest.  Rinse, repeat.",TSLA,"Tesla, Inc.",bullish,neutral,bullish
The market reaction to NVDA earnings report is fascinating. #stocks,NVDA,NVIDIA Corporation,bearish,bullish,bearish
The market reaction to TSLA earnings report is fascinating. #stocks,TSLA,"Tesla, Inc.",bearish,bearish,bearish
"Tesla $293. Don‚Äôt let that scare you. It split 3-1. Congrats tesla shareholders we‚Äôve got more shares. A Gordon, $20 move is now the new tesla tequila standard. $tsla",TSLA,"Tesla, Inc.",neutral,neutral,neutral
How much you want to bet SEC won‚Äôt investigate @Bloomberg for false earnings report info on $FB,META,"Meta Platforms, Inc.",neutral,neutral,neutral
"@menlobear @menlobear: ""A generous uncle says he'll send you $500k, but it can only be in 1 of the following forms:
1) cash
2) gold
3) Bitcoin
4) land
5) AAPL shares
6) any bond of your choice
Which do you pick &amp; why?""

Question: i
Is the generous uncle from Nigeria ? üòÖ",AAPL,Apple Inc.,neutral,neutral,neutral
The market reaction to NVDA earnings report is fascinating. #stocks,NVDA,NVIDIA Corporation,bearish,bearish,bearish
"Did you know you can invest in tokenised versions of @Google, @Amazon, @Tesla and more, directly in your Trust Wallet?

Read on üëá
https://t.co/eOdt3SReak",TSLA,"Tesla, Inc.",neutral,neutral,neutral
$TSLA underperforming markets once again.,TSLA,"Tesla, Inc.",neutral,bullish,neutral
The market reaction to AMD earnings report is fascinating. #stocks,AMD,"Advanced Micro Devices, Inc.",neutral,bearish,neutral
The market reaction to GOOGL earnings report is fascinating. #stocks,GOOGL,Alphabet Inc.,neutral,bearish,neutral
"Ford and GM have seen their stock prices rise based on false promises and media disinformation.

A number of large car companies will go bankrupt in 2023.

The government will not save them this time.

You‚Äôll see‚Ä¶
$TSLA https://t.co/CYEVLAhxWD",TSLA,"Tesla, Inc.",bullish,bullish,bullish
Want green? Buy $TSLA üöÄüåï https://t.co/wqIuRTuBRk,TSLA,"Tesla, Inc.",bullish,bullish,bullish
The #teslatakeover will highlight a panel of some of the most influential @tesla influencers. Get your tickets asap. https://t.co/nl04xgwl0d @GerberKawasaki https://t.co/Bn9u5AFbso,TSLA,"Tesla, Inc.",neutral,neutral,neutral
"I haven chosen to extend my contract with @TSM, you'll see me representing them as a content creator for another 2 years! https://t.co/5kEK9go0pO",TSM,Taiwan Semiconductor Manufacturing Company Limited,neutral,neutral,neutral
"üö® ùë¨ùíÇùíìùíèùíäùíèùíàùíî ùíèùíÜùíôùíï ùíòùíÜùíÜùíå üö®

I‚Äôm watching üëÄ: $SQ $COIN $ZS $NU

Other notable earnings: $HD $ETSY $BABA $TDOC $PANW $RKT $MRNA $M $OPEN $EBAY $EDIT $TREE $ADSK $BYND $W and rest below. Market closed Monday. 

Partner üîó : @fincredibleAI üëáüëáüëá https://t.co/Ra0zfFpY7a",ZS,"Zscaler, Inc.",neutral,neutral,neutral
The market reaction to META earnings report is fascinating. #stocks,META,"Meta Platforms, Inc.",bearish,bullish,bearish
"Michael Burry has $35M of $AAPL puts

Warren Buffett has $150B worth of $AAPL stock

Apple reports earnings today after the bell üò≥",AAPL,Apple Inc.,neutral,neutral,neutral
"All luxury auto brands saw brand loyalty decline in recent years. 

The only exception? Tesla. In fact Tesla's brand loyalty was so strong S&amp;P called it ""an ominous sign"" for the rest of the industry. $TSLA @elonmusk https://t.co/NzJrPcCN7D",TSLA,"Tesla, Inc.",neutral,bearish,neutral
The market reaction to TSLA earnings report is fascinating. #stocks,TSLA,"Tesla, Inc.",bearish,bearish,bearish
"The two most compelling charts as a $TSLA bull:

1/ Unlike other growth names, $TSLA EPS continue to go straight up, with 2022 YTD EPS +37%, 2023 YTD EPS +33%.

2/ TSLA 2023 P/E is 50x, down from 95x at year-end and the same as it was in May 2020. 2022 P/E is 66x (vs 150x at YE). https://t.co/vkmVmgTB13",TSLA,"Tesla, Inc.",bullish,bullish,bullish
"DISNEY/PIXAR FILM ""LIGHTYEAR"" WILL NOT BE RELEASED IN 14 COUNTRIES - SOURCE

DISNEY/PIXAR PRODUCER SAYS SHE DOES NOT EXPECT MOVIE TO BE RELEASED IN CHINA
$DIS",DIS,The Walt Disney Company,neutral,neutral,neutral
"4/ $TSLA should move higher as analysts updates 2022 ests, and as instit PMs better understand the product priorities not presented. Clearly TSLA is winning in the marketplace. With global EV adoption soaring (2021 6.3%) TSLA continues to outrun its P/E, now 61x Street 2023 EPS. https://t.co/MiCvacFr78",TSLA,"Tesla, Inc.",bullish,neutral,bullish
$AAPL launches drivers license and state ID in Wallet with Arizona,AAPL,Apple Inc.,neutral,neutral,neutral
The market reaction to AMD earnings report is fascinating. #stocks,AMD,"Advanced Micro Devices, Inc.",bearish,neutral,bearish
"$CELH has now passed Red Bull as #2 Energy drink on AMZN behind Monster ($ share):
1. Monster 25.9%
2. Celsius 18.4%
3. Red Bull 15.5%

C-store locations +72% YoY, +23% QoQ https://t.co/p0D341aHBY",AMZN,"Amazon.com, Inc.",bullish,bullish,bullish
"In 2021, $TSLA remained flat while its earnings power and potential dectupled üöÄüåï",TSLA,"Tesla, Inc.",neutral,neutral,neutral
"Just super unfortunate for snake getting sick literally nothing he could do about it, TSM would be walking these teams with him rn",TSM,Taiwan Semiconductor Manufacturing Company Limited,neutral,neutral,neutral
Last week I sold 90% of my $TWTR at $49. Bought $TSLA with that.,TSLA,"Tesla, Inc.",neutral,neutral,neutral
"After what seems like an eternity, I'm finally an owner of a @Tesla M3! Thanks to everyone who's kept me informed, entertained, and a part of the Tesla family along the way. 
@garyblack00 @SawyerMerritt @squawksquare @SaraJAwesome @TeslaPodcast @DMC_Ryan @elonmusk @stevenmarkryan https://t.co/CBX0zzLxjz",TSLA,"Tesla, Inc.",neutral,neutral,neutral
"$TSLA being up on the day means one of two things:
- The bull market is far from over
- We are nowhere near a bottom

I don't know which one it is, though",TSLA,"Tesla, Inc.",bullish,bullish,bullish
"Facebook now trades at a P/E ratio of 16, the lowest in the history of the company. $FB

P/E ratios for other big tech companies...
$AMZN: 49x
$MSFT: 32x
$AAPL: 28x
$GOOGL: 25x

Data via @ycharts https://t.co/eHLFsEIdes",META,"Meta Platforms, Inc.",neutral,neutral,neutral
"I have it on good authority that there will be no red tomorrow! üòâ

Unfortunately, that‚Äôs all I had today, not a single green position üòÖ

‚¨áÔ∏è $CRWD $AMZN $SHOP $SE $SQ $ABNB $APPS $MGNI $SOFI $UPST $LMND

Date night! üòä Then we pour more concrete tomorrow ü•µ

HAGW! ‚ù§Ô∏èü¶ú https://t.co/dtFkhZ4mEW",MSFT,Microsoft Corporation,bullish,neutral,bullish
The market reaction to MSFT earnings report is fascinating. #stocks,MSFT,Microsoft Corporation,bullish,neutral,bullish
"Don't give up on your hope and dreams, but rather get lost in the process, bc by the time you know it, your dreams will become your reality.

Use me as living proof.

There's nothing special about me.

I'm just more disciplined than the average Joe.

$TSLA #Tesla",TSLA,"Tesla, Inc.",neutral,neutral,neutral
"$TSM er tomorrow, big for chips can go either way ..guidance most important IMO 
$JPM same story, but for banks 
$NFLX news today...pos short-term bottom around 165 , I don't like calling tops or bottoms though 
$MARA btc over 20k , I sold some 9c today. probably reenter 8.90 pt https://t.co/Se2yiD4yfX",NFLX,"Netflix, Inc.",neutral,neutral,neutral
$NFLX ü§£ü§£ü§£ https://t.co/WiVEpBF7kV,NFLX,"Netflix, Inc.",neutral,neutral,neutral
"Today, NIO launched its #ES7, with the first SUV application of AD imagined design, an immersive digital cabin experience, and our fastest SUV to date; 0-100km/h in 3.9s. https://t.co/dEWXxL2EGU #BlueSkyComing #ES7 #Glamping https://t.co/YJdFu7MOYg",NIO,NIO Inc.,neutral,neutral,neutral
The market reaction to AMD earnings report is fascinating. #stocks,AMD,"Advanced Micro Devices, Inc.",bearish,neutral,bearish
"@Sentinels @crazyraccoon406 @MisfitsGG @zetadivision @100Thieves @FaZeClan @KOI @TSM @OpTicTexas @NRGgg @G2esports @KarmineCorp The average amount of RT &amp; Likes, total RT &amp; Likes, and follower growth of the three largest gaming creator organisations.

Some creators found esports orgs, others found/join creator orgs. OTK, Sidemen and OTV's success must make esports orgs wonder about how to strategise.

4/7 https://t.co/6fom4ne2Cu",TSM,Taiwan Semiconductor Manufacturing Company Limited,bullish,neutral,bullish
"JUST FINISHED BUILDING THIS BADDY ü§© 

#Safex #xMooney #Ravencoin #RX6600XT @AMD @AMDRyzen @NiceHashMining @ApeviaCorp @CrucialMemory @PowerColor #Miner #Crypto #Cryptominer https://t.co/XjSvDnSziS",AMD,"Advanced Micro Devices, Inc.",neutral,neutral,neutral
"üî•3 Dividend Stocks For Investors In Their 20'süî•

1. $AAPL Cash flow machine with tons of growth to come. 
2. $JNJ Pristine balance sheet and a payout ratio only 43%. 
3. $V Only a 0.70% yield now, but all kinds of economic moat and a bigger yield coming.

What would you add?",AAPL,Apple Inc.,bullish,neutral,bullish
"yep, quad motor‚Ä¶ $tsla 
@elonmusk https://t.co/IkKIvxoMTb",TSLA,"Tesla, Inc.",neutral,neutral,neutral
"Every legacy OEM blames their falling sales on the chip shortage. Well, Tesla and @elonmusk dealt with all the same supply chain, commodity and political headwinds and still grew EV sales somehow. 

We don‚Äôt have a chip shortage. We have a competence shortage. $TSLA",TSLA,"Tesla, Inc.",bullish,bearish,bullish
"Options on $AMZN POST SPLIT 

üçøüçøüçøüçøüçøüçøüçø",PG,Procter & Gamble Company,neutral,neutral,neutral
The market reaction to META earnings report is fascinating. #stocks,META,"Meta Platforms, Inc.",bullish,bearish,bullish
"Rip FAANG.

We‚Äôre down to GAA(!), which is coincidentally the sound $fb and $nflx shareholders make when they see their brokerage statements.",META,"Meta Platforms, Inc.",bearish,neutral,bearish
Starting February with our #LCS debut and a week full of #TSMWIN https://t.co/pQ7fAn1hBQ,TSM,Taiwan Semiconductor Manufacturing Company Limited,neutral,neutral,neutral
The market reaction to AMD earnings report is fascinating. #stocks,AMD,"Advanced Micro Devices, Inc.",bullish,bearish,bullish
Accident happened Saturday. $TSLA was not given any access to the accident√©s car so far. Police investigation so far. Decision to suspend the fleet was just taken a couple of hours ago. TSLA ¬¥s bullshit denial is based on remote data analysis. 7 severely wounded. 3 v critical https://t.co/vdtjVp7wfn https://t.co/85qkLRIsYq,TSLA,"Tesla, Inc.",bullish,bullish,bullish
There are only 4 countries in the world with larger GDP than Apple's market cap. ü§∑‚Äç‚ôÇÔ∏è $AAPL,AAPL,Apple Inc.,neutral,neutral,neutral
#TeamAlgonaut lend me your strength for $BA everyone like break TWITTER‚ù§Ô∏è https://t.co/yZxBcDbxcB,BA,The Boeing Company,neutral,neutral,neutral
"$NIO park opening late 2022. 1,000,000 annual output. So in 2023 they could be selling 40,000-83,000 cars per month plus current facility. Its not about today or tomorrow. Its about future growth, expansion and the EV industry growing at an astronomical pace. Long @NIOGlobal https://t.co/ficzSbkE1B",NIO,NIO Inc.,bullish,bearish,bullish
"I think $TSLA split and dividend is gimmicky. 

Has the company stopped growing? 

What‚Äôs their FCF and finance situation like? 

I would think this is actually bad for stock but we will see if we close below 1060, I am out. 

Now 1075.",TSLA,"Tesla, Inc.",neutral,neutral,neutral
@MinimalDuck @Tesla @Gfilche @WholeMarsBlog Tunnels ‚Ä¶,TSLA,"Tesla, Inc.",neutral,neutral,neutral
"Now, how many of you all of a sudden had $AMZN calls for overnight?üòÑ",MSFT,Microsoft Corporation,neutral,neutral,neutral
Why did $TSLA just fall about $4. I stepped away and all of a sudden it's down from $919.,TSLA,"Tesla, Inc.",bearish,bearish,bearish
"Elon is done selling. 
I am done waiting,
Let's go flying, 
Flying high Flying. 

Wow, I am a good poet, ain't I? 

$TSLA",TSLA,"Tesla, Inc.",bearish,bearish,bearish
"https://t.co/zInUkZsmHp - Sandy Munro LOSING IT Over Tesla Engineering: ‚ÄúTo Die For‚Äù

NEW

$TSLA #Tesla @Tesla #TeslaStock #TeslaEngineering #SandyMunro https://t.co/jK4apZTtXx",TSLA,"Tesla, Inc.",neutral,neutral,neutral
"Returns over the last 10 Years:

Bitcoin $BTC: +994,608%
Tesla $TSLA: +15,200%
NVIDIA $NVDA: +6,053%
Netflix $NFLX: +2,337%
Amazon $AMZN: +1,427%
Apple $AAPL: +1,112%
S&amp;P 500 $SPY: +344%
Bonds $AGG: +35%
Gold $GLD: -6%

@PeterSchiff literally picked the worst performing asset.",NFLX,"Netflix, Inc.",neutral,neutral,neutral
"Production &amp; Delivery report tomorrow morning, prob before noon eastern time.

Bear case = 255k deliveries

Base case = 260k deliveries

Bull case = 265k deliveries 

üêáüé© = 270k+ deliveries

ü§û

$TSLA",TSLA,"Tesla, Inc.",neutral,bearish,neutral
The market reaction to AMZN earnings report is fascinating. #stocks,AMZN,"Amazon.com, Inc.",neutral,neutral,neutral
"Year-to-Date Performance:

1. $FB: -43%
2. $AMZN: -30%
3. $AAPL: -20%
4. $NFLX: -67%
5. $GOOGL: -19%
6. $MSFT: -19%
7. $TSLA: -38%

Names that led the market higher for the last 10 years continue to drop further into bear market territory.

How is $SPX only down 15% year-to-date?",AMZN,"Amazon.com, Inc.",bearish,bearish,bearish
The market reaction to AMD earnings report is fascinating. #stocks,AMD,"Advanced Micro Devices, Inc.",neutral,bullish,neutral
"WHAT IS THE SAFE WORD?! üõë ‚úã 
$TSLA",TSLA,"Tesla, Inc.",neutral,neutral,neutral
"Here's the intro of today's #MarketOutlook video from 
@MarketScholars 

Watch the full video for free here:

https://t.co/3GqUqql8DS

Mentioned: $SPY $SPX $QQQ $IWM $RUT $UUP $TLT $TNX $HYG $EEM $EFA $USO $BNDX $META $AMZN $FB $APD $FTNT $XOM $HD $LOW $SBUX $COST $MRNA $RCL $MDT https://t.co/8ceJ4An9Jg",PG,Procter & Gamble Company,neutral,neutral,neutral
"$u It‚Äôs still not clear to me that the general investor population is aware that Unity is the engine that $fb horizon is built upon.

After $fb name change to meta platforms I think it‚Äôs reasonable to assume that $u will not only surpass $rblx valuation but eventually double it.",META,"Meta Platforms, Inc.",neutral,neutral,neutral
One of life's great mysteries is why Apple went for $AAPL and not $APPL,AAPL,Apple Inc.,neutral,neutral,neutral
"I‚Äôm heartbroken to hear that wait times for Tesla orders are decreasing as production increases and macro conditions worsen. 

Waiting a year for your car was always the best part of buying a Tesla. I‚Äôm worried no one will want one now. @elonmusk $TSLA",TSLA,"Tesla, Inc.",bullish,bullish,bullish
"‚ö†Ô∏è BREAKING! ‚ö†Ô∏è 

I AM OFFICIALLY A SPACEX INVESTOR! üöÄ 

Shoutout to everyone that has supported me. üîä 

You know who you are! üôè

Never give up! üí™

$TSLA #Tesla https://t.co/JMEhouYEdG",TSLA,"Tesla, Inc.",bullish,bullish,bullish
Just a reminder. He's already started cashing out. $TSLA https://t.co/FZ5tYvDQf4,TSLA,"Tesla, Inc.",neutral,neutral,neutral
"Fremont will build and sell over 20k S/X this quarter.

$TSLA https://t.co/aX18tOmiDA",TSLA,"Tesla, Inc.",bearish,bearish,bearish
"Best in class (after your feedback):

Semiconductors $NVDA $ASML $TSM
E-commerce $AMZN $SHOP $BABA
Cybersecurity $CRWD $PANW $S
Streaming $DIS $ROKU $SPOT
Fintech $SQ $UPST $COIN
Metaverse $FB $U $RBLX
Big Data $PLTR $SNOW
EVs $TSLA $NIO $RIVN
Ad-tech $GOOG $TTD

Changes? üß† üëá",DIS,The Walt Disney Company,bullish,bullish,bullish
@FthePump1 @Rivian @TeslaClubSoCal @Tesla It‚Äôs just a picture snapped during the transition to Back To The Future mode. https://t.co/I8nnpmXl3x,TSLA,"Tesla, Inc.",neutral,neutral,neutral
The activity that I'm seeing in $FB makes me a very interested party because these overreactions.,META,"Meta Platforms, Inc.",neutral,neutral,neutral
"Goodyear, $GT, launches new tire optimized for $TSLA and other electric cars.",TSLA,"Tesla, Inc.",neutral,neutral,neutral
"Call them the ‚ÄòSuper Sellers.‚Äô 

Some high-profile CEOs have been furiously selling stock. @robtfrank reports $MSFT $TSLA https://t.co/gC9k6linx1",TSLA,"Tesla, Inc.",bullish,bullish,bullish
"In his press conference, Powell said inflation has grown marginally worse since the last Fed meeting, which has kicked NDX into negative territory, taking $tsla down with it. https://t.co/4tSX0hrXWS",TSLA,"Tesla, Inc.",bearish,bearish,bearish
"All charts posted for the weekend. 

Posted charts on Friday, Saturday, &amp; tonight. Scroll through my twitter feed to check them out. 

Posted:
$SPY
$QQQ
$BTC
$ETH
$TSLA
$SQ
$PLTR
$ARKK
$SOFI
$AMZN
$GOOG
$AAPL
$MSFT
$AMD
$APPS
$META
$DIS
$PLTR
$XOM
$CVX
#Solana 
$PYPL
$GLD",PG,Procter & Gamble Company,neutral,neutral,neutral
"No one in the world can make a car that has a lower cost to own than own than Tesla. 

This is serious value. $TSLA",TSLA,"Tesla, Inc.",neutral,neutral,neutral
"In the past decade, our solar panels produced more than enough clean energy to power every Tesla factory and every vehicle during that time https://t.co/dyVHQDMnQt",TSLA,"Tesla, Inc.",neutral,neutral,neutral
"GOOD LORD...Earnings Season upon us

This week notables: $NFLX $TSLA 
Following week: $MSFT $GOOG $AMZN $AAPL $TWTR $FB OH MY. PLACE YOUR BETS. https://t.co/inKwmbCLps",NFLX,"Netflix, Inc.",neutral,neutral,neutral
The market reaction to META earnings report is fascinating. #stocks,META,"Meta Platforms, Inc.",bearish,bearish,bearish
Safe to say Disney's $DIS $4 Billion acquisition of Marvel turned out really well https://t.co/f5vcL0rX0Z,DIS,The Walt Disney Company,neutral,neutral,neutral
Tesla down a little on a silly little recall. It‚Äôs a non event as these are minor issues that effect few cars. They do have numbers coming out next week for deliveries which will be a record. $tsla,TSLA,"Tesla, Inc.",bearish,bearish,bearish
"Which portfolio are you holding for 5 years?

A.
$TSLA Tesla
$PLTR Palantir
$AMC
$BTC Bitcoin

B.
$SE Sea Ltd.
$NVDA Nvidia
$MARA Marathon Digital
$ETH Ethereum

C.
$AAPL Apple
$UPST Upstart
$SQ - Square
$SPY 

D.
$AMZN Amazon
$SOFI SoFi
$AMD
$SOL - Solana

üëá",AAPL,Apple Inc.,neutral,neutral,neutral
Mark Zuckerberg did a Metaverse face reveal and $FB dropped 25%,META,"Meta Platforms, Inc.",bearish,bearish,bearish
Did we just find one of @Tesla‚Äôs FSD Beta 10.2 test mules out validating the current build with the same LiDAR ground truthing array we‚Äôve seen Tesla use before? @elonmusk https://t.co/8QRhtMkiru,TSLA,"Tesla, Inc.",neutral,neutral,neutral
"Year-to-Date performance:

1. $FB: -44%
2. $AMZN: -38%
3. $AAPL: -27%
4. $NFLX: -70%
5. $GOOGL: -27%
6. $MSFT: -26%
7. $TSLA: -47%

However, the S&amp;P 500 is down just 20% YTD.

It seems like we have had every reason to be down 30%+.

What could possibly be holding this market up?",META,"Meta Platforms, Inc.",bearish,bearish,bearish
Markets continued their rally after yesterday's monster day. Strong $AAPL &amp; $AMZN reports after the bell is adding even more to the gains. Net highs continue to increase on both exchanges - a healthy sign. Solar stocks are flashing strong leadership signs  $ENPH $SEDG https://t.co/xvnVPACjz9,PG,Procter & Gamble Company,bullish,bullish,bullish
"Musk just filed a new $TWTR 13-D:

He's kicking in $21B in equity PLUS a $12.5B margin loan (plus some debt)...

Hello more $TSLA sales!",TSLA,"Tesla, Inc.",neutral,neutral,neutral
"Trade plan for #LottoFriday ‚úÖ

$SPX big sell off after failing at 4545. If SPX can't defend 4474 it can drop to 4421-4430 next. Puts can work under 4474

$AMZN under 3000 can drop another 40-50 pts tmrw. Puts can work under 3000 

$SHOP to 962,935 can come if it fails at 1000",PG,Procter & Gamble Company,bearish,bearish,bearish
"As for valuation, they tend to be expensive but to quite varying degrees. Exactly how expensive depends on the specific metric. 

For example with EV/EBITDA, they range from 16x for $FB to 143x for $TSLA.  

For price/sales, they range from under 4x for $AMZN to 30x for $TSLA. https://t.co/gmLgFPs6oI",AMZN,"Amazon.com, Inc.",neutral,neutral,neutral
"Scrim Results - July 3rd - Group 1

@TSM  and @OpTic  are back https://t.co/sYWUs6U5IN",TSM,Taiwan Semiconductor Manufacturing Company Limited,neutral,neutral,neutral
"Major rule trading Options:

DO NOT FIGHT THE TREND. The trend is your friend. It is bullish or bearish until it‚Äôs not!

$SPY $QQQ $TSLA $AAPL",TSLA,"Tesla, Inc.",neutral,neutral,neutral
The market reaction to NIO earnings report is fascinating. #stocks,NIO,NIO Inc.,bullish,bullish,bullish
Bought 8 shares of $INTC at an average cost of $45.89 and 1 share of $TROW at $140.39,INTC,Intel Corporation,neutral,neutral,neutral
"$gm is a dying company doesn‚Äôt matter what it‚Äôs p/e is 

Only GM product worth buying imo is Yukon XL 

They are not EV company 

Now 52 dollar 

There is only one EV company in world and it‚Äôs $tsla now 900 dollar 

I buy once it falls to 588 dollar üëç",TSLA,"Tesla, Inc.",bullish,bearish,bullish
"Profitable on Day Trades/Overnight trades alerts in $DOCU $BABA $BIDU $TSLA üí∞

$BIIB $VIX option swing alerts went bigüí∞

LT portfolio deep redüîª
Added $BCTX 9s
$IMCC consolidation
Decent bounce $AESE
$FB held 300 will see monday

#recaps 
Educational tweets to follow",TSLA,"Tesla, Inc.",neutral,neutral,neutral
@unusual_whales $NFLX https://t.co/ImVIg5uZMp,NFLX,"Netflix, Inc.",neutral,neutral,neutral
"$NFLX in November ""Squid game is truly a testament to the benefits of global scale in the streaming wars. Only Netflix can do what they do.""

$NFLX now ""Debt-ridden, no moat, ex-growth domestically and facing increased competition from other services. Overvalued shitco.""",NFLX,"Netflix, Inc.",bullish,bullish,bullish
"Two drives in a row today in Athens, GA with 0 interventions! Heavy traffic, not making the same mistakes it used to make. Color me very impressed! @Tesla @elonmusk beta 10.3.1.",TSLA,"Tesla, Inc.",neutral,neutral,neutral
"Well, there goes my new year‚Äôs resolution to purchase 50 shares of $TSLA üò†",TSLA,"Tesla, Inc.",neutral,neutral,neutral
"Just added $DUSD - $DFI and $TSLA - $DUSD Liquidity Pool Pairs on my @defichain wallet. Works well as promised. Swap to DUSD to get Tesla Token. Now waiting for the rewards to get started earning on decentralized stocks üìà

#DeFi #RoadTo50 #defichain #Tesla @julianhosp @uzyn https://t.co/C9AK2a0F2F",TSLA,"Tesla, Inc.",neutral,neutral,neutral
"I‚Äôm an ETF/ Index investor, but if I did buy single stocks, my top 5 would be

- $AMZN (Amazon)
- $AAPL (Apple)
- $MSFT (Microsoft)
- $JNJ (Johnson &amp; Johnson)
- $KO (Coca-Cola)

Share your top 5üëáüèº",AAPL,Apple Inc.,bullish,bullish,bullish
"@TSM @WARDELL416 Damn, iconic player on an iconic team. GL Matt",TSM,Taiwan Semiconductor Manufacturing Company Limited,neutral,neutral,neutral
"AGAINüòà
‚Ä¢
$SPY 437c .54 to .84
$CHWY 62c 1 to 1.4
$CHWY 62c .65 to 2.05üöÄ
$FB 330c .77 to 2.32üî•
$DKNG 1.05 to 2.33üöÄ
$LULU 1.05 to 14 ‚ò¢Ô∏è‚ò¢Ô∏è‚ò¢Ô∏è 
$MGM 47c .92 to 3üöÄ
$AAPL 141c .58 to 2.4üî•
$RBLX 74c 1 to 1.9
‚Ä¢
All my plays given live for free on Twitter‚ù§Ô∏è
‚Ä¢
Okay what about 300‚ù§Ô∏è https://t.co/h5D5Lq8FuF",META,"Meta Platforms, Inc.",bullish,bullish,bullish
This argument best shown by @jpr007 ‚Äòs chart. Natural demand for EVs far exceeds EV capacity. Only $TSLA is positioned to satisfy this unprecedented demand over the next few years with M-3 and M-Y. @MartinViecha @elonmusk https://t.co/EvJs3wsOne,TSLA,"Tesla, Inc.",neutral,neutral,neutral
The market reaction to MSFT earnings report is fascinating. #stocks,MSFT,Microsoft Corporation,bullish,bullish,bullish
Good morning everyone except the people who woke up and decided to sell more $TSLA,TSLA,"Tesla, Inc.",bearish,bearish,bearish
I am jealous of C9. What I would do for TSM to be in EU CS:GO.,TSM,Taiwan Semiconductor Manufacturing Company Limited,neutral,neutral,neutral
"Netflix $NFLX has now lost ~$200 billion in market cap in the last 5 months; was briefly a $300+ billion company, now a sub-$100 billion company.",NFLX,"Netflix, Inc.",neutral,neutral,neutral
"Why would anyone own $AMZN at 28x 2023 Street EPS and 12-15% rev growth, vs $TSLA at 57x Street 2023 EPS and 40-50% rev growth? TSLA revisions are hugely positive as EV adoption soars and capacity ramps; AMZN revisions continue to decline as people go back to work. https://t.co/l1wCJW8iNG",PG,Procter & Gamble Company,bullish,bullish,bullish
"#tradingtips 9.45-10AM OpeningRange

Today Pop&amp;Drop happened again in same time frame 9.45-10 AM, works same for upside
Anyone who nailed the trend change to downside won huge on short/puts
Shared this concept few times, Market is not random
$AMD $TSLA $AMZN $QQQ #emaclouds
üëáüëá https://t.co/wQmctnbFlN https://t.co/krrDRwTbbl",MSFT,Microsoft Corporation,bearish,bearish,bearish
"In Washington DC for the US-ASEAN Summit.

Met with reps from @Tesla, @Google, @MicronTech, @Walmart, and Eastman today to get a sense of their investment appetite in Malaysia, leading up to formal discussions Weds &amp; Thurs involving PM @IsmailSabri60.

@ShahrilHamdan 

(1/4) https://t.co/M7eLbjWl9S",TSLA,"Tesla, Inc.",neutral,neutral,neutral
"This year we will see: 
-production begin Austin + Berlin
-Semi truck production 
-Cybertruck production 
-4680 production (other than Kato road) 
- Dojo! 
-shorts lose more money 
- $TSLA to $3T 
- $doge to $1 
- $Floki to .003 cents
- #Bitcoin to 100k 
- my followers to 100k",TSLA,"Tesla, Inc.",neutral,neutral,neutral
Advice for $PTON:Start taking deposits on Autonomous Bikes that will never exist; talk about the bike's ability to power your home; ignore product recalls from US Gov't; sell bikes to Hertz so they can rent them out; find option market makers willing to buy Calls (see $TSLA),TSLA,"Tesla, Inc.",bullish,bullish,bullish
"The face you make when somebody has a potty mouth on a @tesla earnings call.

Great cast @TeslaPodcast , and excellent episode yesterday. https://t.co/oYMn45858N",TSLA,"Tesla, Inc.",neutral,neutral,neutral
"funny how just hodling $TSLA outperforms all of the ‚Äòsmartest hedge funds‚Äô by such a wide margin lol @elonmusk 

now that the business model is grown up @tesla is recession proof. thankful mkts never crumbled at the height of Model 3 struggles üôè",TSLA,"Tesla, Inc.",bullish,bullish,bullish
"People said she was crazy. 

Now shares are above $4,500 pre-split. $TSLA @CathieDWood https://t.co/7bSHMNjJSQ",TSLA,"Tesla, Inc.",neutral,neutral,neutral
The market reaction to NFLX earnings report is fascinating. #stocks,NFLX,"Netflix, Inc.",bullish,bullish,bullish
"$ALPP ‚úàÔ∏è Mr. Wonderful: 
DRONEDEK beat #Amazon to the patent office by 9 days

https://t.co/8vToRjnteT

First Drone Partner: Vayu Aerospace, a wholly owned subsidiary of Alpine 4

#investing #Delivery #drones $MULN $CEI $CDSG $HUSA $VEON
$BBBY $AAPL $AMD $AAL $F https://t.co/RfIbGefvRL https://t.co/XxWkVcJMOy",AMD,"Advanced Micro Devices, Inc.",neutral,neutral,neutral
The market reaction to TSLA earnings report is fascinating. #stocks,TSLA,"Tesla, Inc.",bullish,bullish,bullish
"I find it extremely easy to hold $TSLA long term for one simple reason: I truly believe in my heart that Tesla is solving autonomy.

Come join me and drink the Kool Aid. It‚Äôs really happening. Accept Ashok into your heart today",TSLA,"Tesla, Inc.",neutral,neutral,neutral
@TSM @TSMReginald @parthenaan Anyone else just bawling there eyes out? We love you Bjerg! Hope you kill it wherever you end up! https://t.co/l4nTh1FVpq,TSM,Taiwan Semiconductor Manufacturing Company Limited,neutral,neutral,neutral
$AAPL announced a new Tap to Pay feature for contactless iPhone to iPhone payments. This is going to be a competitive threat to $SQ.,AAPL,Apple Inc.,neutral,neutral,neutral
"Theta Thursday Triggers üéØ  

‚ö° $LCID 45c &gt; 41.65 | 36p &lt; 39.43
üöó $TSLA 1070c &gt; 987 | 900p &lt; 925
üõçÔ∏è $AMZN 3600c &gt; 3512 | 3330p &lt; 3425
üì∫ $NFLX 630c &gt; 610 | 585p &lt; 596
üïπÔ∏è $NVDA 325c &gt; 313 | 275p &lt; 297
üì± $AAPL 185c &gt; 180 | 175p &lt; 178

50 ‚ù§Ô∏è to Unlock my Favorite #Flow Setups https://t.co/ariYr7f8NO",MSFT,Microsoft Corporation,bullish,bullish,bullish
"today headline of Tesla FAKE news 

NO safety risk, no CRASH, just a software update.

$tsla @elonmusk https://t.co/aR4p7Rp042",TSLA,"Tesla, Inc.",neutral,neutral,neutral
Someone knew data was coming out in AH's. They always do. $TSLA,TSLA,"Tesla, Inc.",neutral,neutral,neutral
Someone get a view into the S4 tonight? Elon done selling? $TSLA https://t.co/OoSFev5Gjl,TSLA,"Tesla, Inc.",bearish,bearish,bearish
Most people dont know how big Tesla's $TSLA Q1 Revenue is compared to the US https://t.co/0DJVY6CzzN,TSLA,"Tesla, Inc.",neutral,neutral,neutral
"The Results! #LottoFriday 

$AMZN 3450P | 11.7 TO 42.1 [+259%]
$AFRM 114P | 1.3 to 1.85 [+42%]
$ETSY 230P | .88 to 7.05 [+701%]
$MRNA | Opened down, no trigger

Chees and HAGW! üçª https://t.co/IlNoFH9zbX",AMZN,"Amazon.com, Inc.",bullish,bullish,bullish
The market reaction to GOOGL earnings report is fascinating. #stocks,GOOGL,Alphabet Inc.,bullish,bullish,bullish
"Just spitballing here, but $TSLA's blackout for insider selling may end 2 weeks before quarter-end, which would mean this Friday.

If Mr. Fraudsperger's Syndrome needs to dump more stock, he could do it Wednesday, Thursday &amp; Friday, then file the Form 4 after the close on Friday.",TSLA,"Tesla, Inc.",bearish,bearish,bearish
"$AMZN is up 16% after hours after reporting earnings. Missed expectations but AWS is crushing and the price of Prime is going up. 

Stonks are all over the damn map.",MSFT,Microsoft Corporation,bullish,bullish,bullish
"Insane 1v5 against @TSM X GG's to them, super close game! üíú https://t.co/uk9SSxJgBJ",TSM,Taiwan Semiconductor Manufacturing Company Limited,bullish,bullish,bullish
"Cloud computing is a monster category:

AMZN: $72Bn rev, 37% growth
MSFT: $57Bn rev, 32% growth
GOOG: $25Bn rev, 44% growth

$150Bn of rev dominated by big giants, still growing immensely

Pipelines of the internet",MSFT,Microsoft Corporation,bullish,bullish,bullish
"Every time we close at a higher all-time high closing price, the chances of a $TSLA stock split in the near future increases.  

I will guess 20-40% chance we get stock split within next couple months at this point (~2 weeks ago I would've say 10-20% chance)",TSLA,"Tesla, Inc.",bullish,bullish,bullish
$DIS extending CEO Bob Chapek‚Äôs contract is very bearish to me. He has proven a few times he is not a good CEO. And I think the market will agree.,DIS,The Walt Disney Company,bearish,bearish,bearish
"Today continues the great rotation away from high P/E stay-at-home stocks that benefitted from Covid ( $PTON, $NFLX, $AMZN, $ZM) into moderate P/E reopening stocks ( $SBUX, $NKE, $MTCH, $MCD) that benefit as Covid eases.",NFLX,"Netflix, Inc.",neutral,neutral,neutral
"8/13/2022 -  Day 24 after TESLA'S Q2/22 results
@MoodysInvSvc @SPGlobalRatings
üì£ DO IT!
Do I even have to remind you and your analysts on a weekend that $TSLA deserves Investment Grade? 
Analysts Clark &amp; Lipsch, Moody's; and Madlani &amp; Binns, S&amp;P, anyone home, awake and thinking? https://t.co/oMIcCpSRS8",TSLA,"Tesla, Inc.",neutral,neutral,neutral
The market reaction to TSLA earnings report is fascinating. #stocks,TSLA,"Tesla, Inc.",neutral,neutral,neutral
"Happy Sunday!

*Here Are My #Top5ThingsToKnowThisWeek:

- Fed 75Bps Rate Hike
- Powell Press Conference
- U.S. PCE Inflation Data, Q2 GDP
- $AAPL $MSFT $GOOGL $AMZN $META Earnings
- $BA $UPS $MCD $KO $XOM $CVX $V $MA Results

*May The Trading Gods Be With You üôè

$DIA $SPY $QQQ https://t.co/wCmyX1PmLq",BA,The Boeing Company,neutral,neutral,neutral
Sam Altman joining $MSFT to lead a new AI research unit? This stock is a winner in the AI race. Massive growth ahead! #TechStocks,MSFT,Microsoft Corporation,bullish,bullish,bullish
"NVDA is crushing it this year! With strong Q3 earnings expected and increasing demand for AI chips, it‚Äôs a no-brainer. üöÄ #Bullish #NASDAQ",NVDA,NVIDIA Corporation,bullish,bullish,bullish
"Tesla $TSLA Shares Added to Stake of Big US Pension Fund

https://t.co/alK3br3rPk",TSLA,"Tesla, Inc.",neutral,neutral,neutral
"TSLA‚Äôs production delays and price cuts are a concern. Margins are shrinking, and the EV competition is heating up. Cautious on this one.",TSLA,"Tesla, Inc.",bearish,bearish,bearish
In a blink of an eye. $FB gives up all gains from last year. https://t.co/mCDF3pESQH,META,"Meta Platforms, Inc.",bullish,bullish,bullish
$NIO good day so far. I expect a multi day runner. I think I‚Äôm more excited for tomorrow. Hong Kong Listed! The locals love the car the locals will buy the stock! We have only just begun.,NIO,NIO Inc.,bullish,bullish,bullish
The market reaction to NFLX earnings report is fascinating. #stocks,NFLX,"Netflix, Inc.",bullish,neutral,bullish
"$DIS earmarking 80 acres of land in Orange County, Florida to develop affordable housing",DIS,The Walt Disney Company,neutral,neutral,neutral
Netflix's Q3 earnings surpassed expectations with a 15% YoY revenue growth to $9.8B. Subscriber gains in Asia-Pacific and robust growth in other regions make this a solid long-term buy.,NVDA,NVIDIA Corporation,bullish,bullish,bullish
"Basket approach:

Cybersecurity - $CRWD $ZS
Data - $SNOW $DDOG
E-Comm - $AMZN $ETSY $CVNA
Semis - $NVDA $AMD $TSM
Fintech - $SQ $PYPL 
SaaS - $ADBE $ADSK 
Ads - $GOOG $FB $TTD 
Restaurants - $CMG $DPZ
Energy - $NEE $ENPH $SEDG
Dominant Brands - $AAPL $TSLA $LULU $HD 
Def - $BRK",TSM,Taiwan Semiconductor Manufacturing Company Limited,neutral,neutral,neutral
Microsoft focusing on AI profits at Ignite rather than new breakthroughs shows their maturity in this space. A solid long-term play for investors.,MSFT,Microsoft Corporation,bullish,bullish,bullish
"With delivery numbers lagging expectations, it's hard to see NIO climbing in the short term. Lots of headwinds for now.",NIO,NIO Inc.,bearish,bearish,bearish
AMD‚Äôs new GPU lineup is a game-changer. Great pricing and performance that could challenge NVIDIA. This stock is ready to run,AMD,"Advanced Micro Devices, Inc.",bullish,bullish,bullish
"Good morning @ajassy I hope u noticed what $googl did.  20 for 1.   Two years ago $aapl and $tsla split.  Ur stock has underperformed for 15+ months.  @JeffBezos &amp; his ex-wife need to sell roughly 19% of shares and in the $3,100 area u need a new investment class. SPLIT UR STOCK",AAPL,Apple Inc.,bearish,bearish,bearish
Chip Stocks Are Booming. Where to Find Bargains Now $MU $QRVO $AMKR $SWKS $QCOM $INTC $MCHP $LRCX $AMAT $KLAC $ON $AVGO $NXPI $MCHP $IIVI https://t.co/YLvxmVAFM2 https://t.co/RdCEiV1H4k,INTC,Intel Corporation,bullish,bullish,bullish
"Q2 Revenue Growth, YoY % Change...
^Tesla $TSLA: +42%
^Google $GOOGL: +13%
^Microsoft $MSFT: +12%
S&amp;P 500 $SPY: +10%
'Netflix $NFLX: +9%
*Amazon $AMZN: +7%
^Apple $AAPL: +2%
*Facebook $META: -1%

*Slowest in company history.
'Slowest since 2012.
^Slowest since 2020.",MSFT,Microsoft Corporation,neutral,neutral,neutral
"THE BIGGEST DEFENDER TIERLIST: DOG OR NOT? üê∂

Our World Champions created the definitive R6 Defender tier list IN REAL LIFE! Find out if you're gonna need a new main.

üé¨ https://t.co/hpHS1qtZ86 https://t.co/FtB5scqNkZ",TSM,Taiwan Semiconductor Manufacturing Company Limited,neutral,neutral,neutral
"New bears now need to be a bit careful today around these 87/90 prints now 92 

I think in anticipation of $aapl $amzn , $spy may be range bound 

I won‚Äôt be bear so close to this 87 now 

#ES_F $SPX $NDX $SPY $QQQ",AMZN,"Amazon.com, Inc.",bearish,bearish,bearish
"Spent much of today playing ranked with other members of the talent team, ended on a real peach, especially for @Stoax üòÇ

Tomorrow @AceOfPyrite and I kick things off on the B stream with NiP v TSM. See you there!",TSM,Taiwan Semiconductor Manufacturing Company Limited,neutral,neutral,neutral
The market reaction to AAPL earnings report is fascinating. #stocks,AAPL,Apple Inc.,bullish,bullish,bullish
"A few stocks that went up in the past week:

$UPST 11.82%
$AMD 11.48%
$SOFI 5.23%
$ENPH 2.78%

They have some triggers ( $UPST $SOFI ) or momentum ( $AMD $ENPH ) to stay upward next week.",ENPH,"Enphase Energy, Inc.",bullish,bullish,bullish
"Microsoft's partnership with OpenAI expands its leadership in generative AI. With the Altman-led AI team onboard, $MSFT is paving the future.",MSFT,Microsoft Corporation,bullish,bullish,bullish
"3/ 10b5-1 plans have no discretion.  You decide specific dates, quantities, and whether to sell at market or limit prices when you put the plan in place - here 9/14/21. Once it‚Äôs locked in, you can‚Äôt change it. But you can terminate it at any time. $TSLA",TSLA,"Tesla, Inc.",bearish,bearish,bearish
GGs 2-1 @TSM Academy in @melanji's premiership #MCT #DemonTIme,TSM,Taiwan Semiconductor Manufacturing Company Limited,neutral,neutral,neutral
"JUST IN: üá™üá∫ European Central Bank selects Amazon, $AMZN to develop its digital euro e-payments system.",AMZN,"Amazon.com, Inc.",neutral,neutral,neutral
"I called it! 

Red to Green ‚Ä¶ and then some üòä

üîù $SE $AMZN $CRWD $SHOP $TTD $ROKU $UPST $EGLX $APPS $MVVYF $ZI $MGNI

It‚Äôs good to be back from vacation‚Ä¶ hope you all managed without me üòâ

Let‚Äôs here it, how‚Äôd y‚Äôall do today? üëá

ü¶ú https://t.co/SYmK8nIn3f",PG,Procter & Gamble Company,neutral,neutral,neutral
Getting ready to open 1 Tesla tequila when $tsla surpass $1k,TSLA,"Tesla, Inc.",neutral,neutral,neutral
Netflix's Q3 subscriber growth and ad-tier success show they're diversifying revenue streams effectively. Streaming giant's pivot looks promising for the long term! $NFLX #Bullish #StreamingStocks,NFLX,"Netflix, Inc.",bullish,bullish,bullish
"$NIO 18% bounce off the 100% extension of Wave W which is usually bullish. However, before talking about lows potentially being in, I would like $NIO to break above $35 and $36.9, this last one being the 10 MA. We   will see if we can get some strength into $NIO day on the 18th https://t.co/6aXxa2CgWf",NIO,NIO Inc.,bullish,bullish,bullish
Bitching about Web3 while a Web2 tycoon' is the new 'I got rich off FB/GOOG/AMZN but I'm going to tell you how it's evil without giving any of it back'.,PG,Procter & Gamble Company,neutral,neutral,neutral
"$NFLX with an official death cross today.

$AMZN $FB already in that order.

$MSFT $NVDA bear flag breakdowns just above their 200SMAs.

$AAPL $GOOGL still top right above all key MAs.

*Death cross = 200SMA crosses above the 50SMA within an evident downtrend + character change.",AAPL,Apple Inc.,bearish,bearish,bearish
"What is wild is that even in these disclosures and SEC filings by the highest political office, there are inaccuracies.

The disclosure states Pelosi bought $GOOG Class C call options.

She couldn't. These do not exist.

Pelosi bought $GOOGL Class A. https://t.co/ny2LNV3aSD https://t.co/wD3Q0o6lWW",GOOG,Alphabet Inc.,neutral,neutral,neutral
Hard to beat TSM when BeauGOAT is shooting like that ‚Ä¶,TSM,Taiwan Semiconductor Manufacturing Company Limited,neutral,neutral,neutral
Has Cramer said anything about $AAPL yet üòä?,AAPL,Apple Inc.,neutral,neutral,neutral
"Elevate wins against TSM with a stellar 2:0. 
I am sure teams will start scrimming APAC now.",TSM,Taiwan Semiconductor Manufacturing Company Limited,bullish,bullish,bullish
"When you buy $10,000 of $QQQ here's how much of the largest stocks you're buying

$1,367 of Apple $AAPL 
$1,036 of Microsoft $MSFT
$716 of Google $GOOGL
$694 of Amazon $AMZN
$457 of Tesla $TSLA
$313 of Nvidia $NVDA
$288 of Facebook $META
$204 of Pepsi $PEP
$201 of Costco $COST",TSLA,"Tesla, Inc.",bullish,bullish,bullish
"$FB down over 23% since earnings. This is why we don't buy earnings gap-downs. I know dozens of people who got burned buying an unbuyable dip. You want to see it start to base and curl first.
https://t.co/TSWdPmuE2T",META,"Meta Platforms, Inc.",bullish,bullish,bullish
"AMD's growth in AI and data center revenues is driving optimism. The company has shown a 115% year-over-year increase in data center revenue, fueled by strong sales of its EPYC CPUs and MI300 GPU accelerators. This has positioned AMD well against competitors like Intel in the enterprise and cloud markets. However, while the long-term outlook is positive, occasional dips in stock value occur due to broader semiconductor market volatility",AMD,"Advanced Micro Devices, Inc.",bullish,bullish,bullish
"This is a gift at $864. Therefore, I decided to sell my other 2,000 long shares at $864.24. That netted me another $600,000 in profit bringing my total to $1,420,000 on my long shares. Will buy again on any dips and will average down when needed. $TSLA",TSLA,"Tesla, Inc.",bearish,bearish,bearish
": Meta Platforms has been investing heavily in the metaverse and AI technologies, contributing to optimism about long-term growth",META,"Meta Platforms, Inc.",bullish,bullish,bullish
"NVIDIA continues to impress with a strong revenue surge of 122% YoY, cementing its lead in AI and data centers. With Q3 guidance of $32.5 billion, the future looks bright for this tech giant. üü¢üöÄ #NVDA #AI #TechStock",NVDA,NVIDIA Corporation,bullish,bullish,bullish
Hats off to $FB Meta for doing the right thing and holding its ground here. https://t.co/rIBBIlXKBj,META,"Meta Platforms, Inc.",neutral,neutral,neutral
"Alphabet (GOOG) stock is getting a lot of positive attention from Wall Street analysts, with 76.6% recommending it as a 'Strong Buy.",GOOGL,Alphabet Inc.,bullish,bullish,bullish
This $AAPL buy now pay later is a risky move imo. What if you buy now can‚Äôt pay later? Are they asking for any collateral?,AAPL,Apple Inc.,bullish,bullish,bullish
"Monster earnings report for $TSLA and we have only retraced in after hours the ~5% down-move so far today ü§¶‚Äç‚ôÇÔ∏è

Think a higher bottom has just been set though.",TSLA,"Tesla, Inc.",bearish,bearish,bearish
$TSLA being extra TSLA-ish today... https://t.co/hNf2llTliP,TSLA,"Tesla, Inc.",neutral,neutral,neutral
"Floki Inu Will Be the Next Shiba Inu, Plain and Simple - article I wrote for @investorplace https://t.co/EwrCzgLZ9F #flokiinu $FLOKI $FLOK $SHIB $BTC #blockchain #bitcoin #cryptos #crypto $DOGE $SPY $QQQ $DIA $DJIA #stockmarket #investing #finance #stocks $AAPL $TSLA $AMZN $INTC",MSFT,Microsoft Corporation,neutral,neutral,neutral
"$TSLA is setting the tone, $ABNB has been a disappointing follow through and the rest of the best are  having a hard night. $RBLX $TTD $DDOG $ASAN I want to see hold up on a bad day or follow thru like $TTD did today, and $AMD $NVDA fight. See how the setups form. Quicker better",TSLA,"Tesla, Inc.",bearish,bearish,bearish
"$MSFT $AAPL
Both Showing Great Earnings and Growth for being two companies that Run the market.
$TSLA was good
$AMZN lagging but overall investor market should be encouraged
High Rates/Fed/Inflation still looms but valuations getting lower  and lower for investors.",AMZN,"Amazon.com, Inc.",bullish,bullish,bullish
"This is a very rare chart construction called an ""interlocking H&amp;S"" wherein the right shoulder of one H&amp;S patterns is the left shoulder of another H&amp;S pattern $AAPL #fintwit https://t.co/X8ZLNlaUrS",AAPL,Apple Inc.,neutral,neutral,neutral
"Tesla $TSLA Receives Positive Analyst Feedback After Q1 2022 Financial Report 

#Tesla 
https://t.co/1PG5ZfQzkI",TSLA,"Tesla, Inc.",bullish,bullish,bullish